Area Code (M49),Area,Element,Item Code (CPC),Item,Year,Unit,Value,Flag,Flag Description
12,Algeria,Producer Price (USD/tonne),0231,"Hen eggs in shell, fresh",2000,USD,1767.2,X,Figure from international organizations
12,Algeria,Producer Price (USD/tonne),0231,"Hen eggs in shell, fresh",2001,USD,1165.6,X,Figure from international organizations
12,Algeria,Producer Price (USD/tonne),0231,"Hen eggs in shell, fresh",2002,USD,1255.0,A,Official figure
12,Algeria,Producer Price (USD/tonne),0231,"Hen eggs in shell, fresh",2003,USD,1524.6,A,Official figure
12,Algeria,Producer Price (USD/tonne),0231,"Hen eggs in shell, fresh",2004,USD,1554.2,A,Official figure
12,Algeria,Producer Price (USD/tonne),0231,"Hen eggs in shell, fresh",2005,USD,1364.7,A,Official figure
12,Algeria,Producer Price (USD/tonne),0231,"Hen eggs in shell, fresh",2006,USD,1500.4,A,Official figure
12,Algeria,Producer Price (USD/tonne),0231,"Hen eggs in shell, fresh",2007,USD,1521.1,A,Official figure
12,Algeria,Producer Price (USD/tonne),0231,"Hen eggs in shell, fresh",2008,USD,2093.4,A,Official figure
12,Algeria,Producer Price (USD/tonne),0231,"Hen eggs in shell, fresh",2009,USD,2263.0,A,Official figure
12,Algeria,Producer Price (USD/tonne),0231,"Hen eggs in shell, fresh",2010,USD,1766.5,A,Official figure
12,Algeria,Producer Price (USD/tonne),0231,"Hen eggs in shell, fresh",2011,USD,2160.7,A,Official figure
12,Algeria,Producer Price (USD/tonne),0231,"Hen eggs in shell, fresh",2012,USD,2231.2,A,Official figure
12,Algeria,Producer Price (USD/tonne),0231,"Hen eggs in shell, fresh",2013,USD,2194.8,A,Official figure
12,Algeria,Producer Price (USD/tonne),0231,"Hen eggs in shell, fresh",2014,USD,2337.3,A,Official figure
12,Algeria,Producer Price (USD/tonne),0231,"Hen eggs in shell, fresh",2015,USD,1787.6,A,Official figure
12,Algeria,Producer Price (USD/tonne),0231,"Hen eggs in shell, fresh",2016,USD,1644.7,A,Official figure
12,Algeria,Producer Price (USD/tonne),0231,"Hen eggs in shell, fresh",2017,USD,1802.2,A,Official figure
12,Algeria,Producer Price (USD/tonne),0231,"Hen eggs in shell, fresh",2018,USD,1543.8,A,Official figure
12,Algeria,Producer Price (USD/tonne),0231,"Hen eggs in shell, fresh",2019,USD,1508.1,A,Official figure
12,Algeria,Producer Price (USD/tonne),0231,"Hen eggs in shell, fresh",2020,USD,1577.6,A,Official figure
12,Algeria,Producer Price (USD/tonne),0231,"Hen eggs in shell, fresh",2021,USD,1594.0,A,Official figure
12,Algeria,Producer Price (USD/tonne),21121,"Meat of chickens, fresh or chilled",2002,USD,1719.3,A,Official figure
12,Algeria,Producer Price (USD/tonne),21121,"Meat of chickens, fresh or chilled",2003,USD,2222.4,A,Official figure
12,Algeria,Producer Price (USD/tonne),21121,"Meat of chickens, fresh or chilled",2004,USD,2206.5,A,Official figure
12,Algeria,Producer Price (USD/tonne),21121,"Meat of chickens, fresh or chilled",2005,USD,2483.7,A,Official figure
12,Algeria,Producer Price (USD/tonne),21121,"Meat of chickens, fresh or chilled",2006,USD,2491.5,A,Official figure
12,Algeria,Producer Price (USD/tonne),21121,"Meat of chickens, fresh or chilled",2007,USD,2742.0,A,Official figure
12,Algeria,Producer Price (USD/tonne),21121,"Meat of chickens, fresh or chilled",2008,USD,3360.0,A,Official figure
12,Algeria,Producer Price (USD/tonne),21121,"Meat of chickens, fresh or chilled",2009,USD,3262.3,A,Official figure
12,Algeria,Producer Price (USD/tonne),21121,"Meat of chickens, fresh or chilled",2010,USD,2769.3,A,Official figure
12,Algeria,Producer Price (USD/tonne),21121,"Meat of chickens, fresh or chilled",2011,USD,3249.3,A,Official figure
12,Algeria,Producer Price (USD/tonne),21121,"Meat of chickens, fresh or chilled",2012,USD,3624.1,A,Official figure
12,Algeria,Producer Price (USD/tonne),21121,"Meat of chickens, fresh or chilled",2013,USD,3137.3,A,Official figure
12,Algeria,Producer Price (USD/tonne),21121,"Meat of chickens, fresh or chilled",2014,USD,3102.5,A,Official figure
12,Algeria,Producer Price (USD/tonne),21121,"Meat of chickens, fresh or chilled",2015,USD,2631.8,A,Official figure
12,Algeria,Producer Price (USD/tonne),21121,"Meat of chickens, fresh or chilled",2016,USD,2339.1,A,Official figure
12,Algeria,Producer Price (USD/tonne),21121,"Meat of chickens, fresh or chilled",2017,USD,2180.7,A,Official figure
12,Algeria,Producer Price (USD/tonne),21121,"Meat of chickens, fresh or chilled",2018,USD,2453.0,A,Official figure
12,Algeria,Producer Price (USD/tonne),21121,"Meat of chickens, fresh or chilled",2019,USD,1960.6,A,Official figure
12,Algeria,Producer Price (USD/tonne),21121,"Meat of chickens, fresh or chilled",2020,USD,1850.2,A,Official figure
12,Algeria,Producer Price (USD/tonne),21121,"Meat of chickens, fresh or chilled",2021,USD,2467.9,A,Official figure
854,Burkina Faso,Producer Price (USD/tonne),21121b,"Meat of chickens, fresh or chilled (biological)",2002,USD,717.8,A,Official figure
854,Burkina Faso,Producer Price (USD/tonne),21121b,"Meat of chickens, fresh or chilled (biological)",2003,USD,888.5,A,Official figure
854,Burkina Faso,Producer Price (USD/tonne),21121b,"Meat of chickens, fresh or chilled (biological)",2004,USD,952.0,A,Official figure
854,Burkina Faso,Producer Price (USD/tonne),21121b,"Meat of chickens, fresh or chilled (biological)",2005,USD,1156.1,A,Official figure
854,Burkina Faso,Producer Price (USD/tonne),21121b,"Meat of chickens, fresh or chilled (biological)",2006,USD,1050.7,A,Official figure
854,Burkina Faso,Producer Price (USD/tonne),21121b,"Meat of chickens, fresh or chilled (biological)",2009,USD,1507.4,A,Official figure
854,Burkina Faso,Producer Price (USD/tonne),21121b,"Meat of chickens, fresh or chilled (biological)",2020,USD,3660.6,A,Official figure
854,Burkina Faso,Producer Price (USD/tonne),21121b,"Meat of chickens, fresh or chilled (biological)",2021,USD,4661.6,A,Official figure
108,Burundi,Producer Price (USD/tonne),0231,"Hen eggs in shell, fresh",2000,USD,3171.6,X,Figure from international organizations
108,Burundi,Producer Price (USD/tonne),0231,"Hen eggs in shell, fresh",2001,USD,2990.1,X,Figure from international organizations
108,Burundi,Producer Price (USD/tonne),0231,"Hen eggs in shell, fresh",2002,USD,2745.9,A,Official figure
108,Burundi,Producer Price (USD/tonne),0231,"Hen eggs in shell, fresh",2004,USD,2595.2,A,Official figure
108,Burundi,Producer Price (USD/tonne),0231,"Hen eggs in shell, fresh",2005,USD,2641.6,A,Official figure
108,Burundi,Producer Price (USD/tonne),0231,"Hen eggs in shell, fresh",2006,USD,3327.4,A,Official figure
108,Burundi,Producer Price (USD/tonne),0231,"Hen eggs in shell, fresh",2007,USD,4188.5,A,Official figure
108,Burundi,Producer Price (USD/tonne),21121,"Meat of chickens, fresh or chilled",2000,USD,2406.1,A,Official figure
108,Burundi,Producer Price (USD/tonne),21121,"Meat of chickens, fresh or chilled",2001,USD,2047.8,A,Official figure
108,Burundi,Producer Price (USD/tonne),21121,"Meat of chickens, fresh or chilled",2002,USD,1997.5,A,Official figure
108,Burundi,Producer Price (USD/tonne),21121,"Meat of chickens, fresh or chilled",2007,USD,6470.3,A,Official figure
108,Burundi,Producer Price (USD/tonne),21121b,"Meat of chickens, fresh or chilled (biological)",2004,USD,2237.0,A,Official figure
108,Burundi,Producer Price (USD/tonne),21121b,"Meat of chickens, fresh or chilled (biological)",2005,USD,2252.6,A,Official figure
108,Burundi,Producer Price (USD/tonne),21121b,"Meat of chickens, fresh or chilled (biological)",2006,USD,2252.5,A,Official figure
108,Burundi,Producer Price (USD/tonne),21121b,"Meat of chickens, fresh or chilled (biological)",2007,USD,2608.7,A,Official figure
132,Cabo Verde,Producer Price (USD/tonne),0231,"Hen eggs in shell, fresh",2000,USD,2262.6,A,Official figure
132,Cabo Verde,Producer Price (USD/tonne),0231,"Hen eggs in shell, fresh",2001,USD,2356.6,A,Official figure
132,Cabo Verde,Producer Price (USD/tonne),0231,"Hen eggs in shell, fresh",2002,USD,2487.0,A,Official figure
132,Cabo Verde,Producer Price (USD/tonne),0231,"Hen eggs in shell, fresh",2003,USD,3053.5,A,Official figure
132,Cabo Verde,Producer Price (USD/tonne),0231,"Hen eggs in shell, fresh",2004,USD,3292.5,A,Official figure
132,Cabo Verde,Producer Price (USD/tonne),0231,"Hen eggs in shell, fresh",2005,USD,3338.7,A,Official figure
132,Cabo Verde,Producer Price (USD/tonne),0231,"Hen eggs in shell, fresh",2006,USD,3283.9,A,Official figure
132,Cabo Verde,Producer Price (USD/tonne),0231,"Hen eggs in shell, fresh",2007,USD,3477.0,A,Official figure
132,Cabo Verde,Producer Price (USD/tonne),0231,"Hen eggs in shell, fresh",2008,USD,5912.7,A,Official figure
132,Cabo Verde,Producer Price (USD/tonne),0231,"Hen eggs in shell, fresh",2009,USD,5134.4,A,Official figure
132,Cabo Verde,Producer Price (USD/tonne),0231,"Hen eggs in shell, fresh",2010,USD,4674.4,A,Official figure
132,Cabo Verde,Producer Price (USD/tonne),0231,"Hen eggs in shell, fresh",2011,USD,4726.2,A,Official figure
132,Cabo Verde,Producer Price (USD/tonne),0231,"Hen eggs in shell, fresh",2012,USD,4308.8,A,Official figure
132,Cabo Verde,Producer Price (USD/tonne),0231,"Hen eggs in shell, fresh",2013,USD,4911.3,A,Official figure
132,Cabo Verde,Producer Price (USD/tonne),0231,"Hen eggs in shell, fresh",2014,USD,4919.7,A,Official figure
132,Cabo Verde,Producer Price (USD/tonne),0231,"Hen eggs in shell, fresh",2015,USD,4121.6,A,Official figure
132,Cabo Verde,Producer Price (USD/tonne),0231,"Hen eggs in shell, fresh",2016,USD,4110.8,A,Official figure
132,Cabo Verde,Producer Price (USD/tonne),0231,"Hen eggs in shell, fresh",2017,USD,4803.2,A,Official figure
132,Cabo Verde,Producer Price (USD/tonne),0231,"Hen eggs in shell, fresh",2018,USD,4794.3,A,Official figure
132,Cabo Verde,Producer Price (USD/tonne),0231,"Hen eggs in shell, fresh",2019,USD,4800.6,A,Official figure
132,Cabo Verde,Producer Price (USD/tonne),0231,"Hen eggs in shell, fresh",2020,USD,5160.3,A,Official figure
132,Cabo Verde,Producer Price (USD/tonne),0231,"Hen eggs in shell, fresh",2021,USD,4804.4,A,Official figure
132,Cabo Verde,Producer Price (USD/tonne),21121,"Meat of chickens, fresh or chilled",2000,USD,2729.8,A,Official figure
132,Cabo Verde,Producer Price (USD/tonne),21121,"Meat of chickens, fresh or chilled",2001,USD,2568.0,A,Official figure
132,Cabo Verde,Producer Price (USD/tonne),21121,"Meat of chickens, fresh or chilled",2002,USD,2682.1,A,Official figure
132,Cabo Verde,Producer Price (USD/tonne),21121,"Meat of chickens, fresh or chilled",2003,USD,3262.2,A,Official figure
132,Cabo Verde,Producer Price (USD/tonne),21121,"Meat of chickens, fresh or chilled",2004,USD,3497.6,A,Official figure
132,Cabo Verde,Producer Price (USD/tonne),21121,"Meat of chickens, fresh or chilled",2005,USD,3404.3,A,Official figure
132,Cabo Verde,Producer Price (USD/tonne),21121,"Meat of chickens, fresh or chilled",2006,USD,3414.2,A,Official figure
132,Cabo Verde,Producer Price (USD/tonne),21121,"Meat of chickens, fresh or chilled",2007,USD,4069.0,A,Official figure
132,Cabo Verde,Producer Price (USD/tonne),21121,"Meat of chickens, fresh or chilled",2008,USD,5387.3,A,Official figure
132,Cabo Verde,Producer Price (USD/tonne),21121,"Meat of chickens, fresh or chilled",2009,USD,5305.9,A,Official figure
132,Cabo Verde,Producer Price (USD/tonne),21121,"Meat of chickens, fresh or chilled",2010,USD,5187.2,A,Official figure
132,Cabo Verde,Producer Price (USD/tonne),21121,"Meat of chickens, fresh or chilled",2011,USD,5403.0,A,Official figure
132,Cabo Verde,Producer Price (USD/tonne),21121,"Meat of chickens, fresh or chilled",2012,USD,4837.3,A,Official figure
132,Cabo Verde,Producer Price (USD/tonne),21121,"Meat of chickens, fresh or chilled",2013,USD,5059.1,A,Official figure
132,Cabo Verde,Producer Price (USD/tonne),21121,"Meat of chickens, fresh or chilled",2014,USD,5175.3,A,Official figure
132,Cabo Verde,Producer Price (USD/tonne),21121,"Meat of chickens, fresh or chilled",2015,USD,4386.6,A,Official figure
132,Cabo Verde,Producer Price (USD/tonne),21121,"Meat of chickens, fresh or chilled",2016,USD,4375.0,A,Official figure
132,Cabo Verde,Producer Price (USD/tonne),21121,"Meat of chickens, fresh or chilled",2017,USD,4469.3,A,Official figure
132,Cabo Verde,Producer Price (USD/tonne),21121,"Meat of chickens, fresh or chilled",2018,USD,5045.8,A,Official figure
132,Cabo Verde,Producer Price (USD/tonne),21121,"Meat of chickens, fresh or chilled",2019,USD,5063.4,A,Official figure
132,Cabo Verde,Producer Price (USD/tonne),21121,"Meat of chickens, fresh or chilled",2020,USD,4929.4,A,Official figure
132,Cabo Verde,Producer Price (USD/tonne),21121,"Meat of chickens, fresh or chilled",2021,USD,5056.4,A,Official figure
120,Cameroon,Producer Price (USD/tonne),0231,"Hen eggs in shell, fresh",2000,USD,898.9,A,Official figure
120,Cameroon,Producer Price (USD/tonne),0231,"Hen eggs in shell, fresh",2001,USD,873.1,A,Official figure
120,Cameroon,Producer Price (USD/tonne),0231,"Hen eggs in shell, fresh",2002,USD,1147.8,A,Official figure
120,Cameroon,Producer Price (USD/tonne),0231,"Hen eggs in shell, fresh",2003,USD,1376.5,A,Official figure
120,Cameroon,Producer Price (USD/tonne),21121,"Meat of chickens, fresh or chilled",2000,USD,1685.4,A,Official figure
120,Cameroon,Producer Price (USD/tonne),21121,"Meat of chickens, fresh or chilled",2001,USD,1705.2,A,Official figure
120,Cameroon,Producer Price (USD/tonne),21121,"Meat of chickens, fresh or chilled",2002,USD,1793.4,A,Official figure
120,Cameroon,Producer Price (USD/tonne),21121,"Meat of chickens, fresh or chilled",2003,USD,2150.7,A,Official figure
120,Cameroon,Producer Price (USD/tonne),21121b,"Meat of chickens, fresh or chilled (biological)",2000,USD,1193.9,A,Official figure
120,Cameroon,Producer Price (USD/tonne),21121b,"Meat of chickens, fresh or chilled (biological)",2001,USD,1159.6,A,Official figure
120,Cameroon,Producer Price (USD/tonne),21121b,"Meat of chickens, fresh or chilled (biological)",2002,USD,1291.3,A,Official figure
120,Cameroon,Producer Price (USD/tonne),21121b,"Meat of chickens, fresh or chilled (biological)",2003,USD,1720.6,A,Official figure
148,Chad,Producer Price (USD/tonne),0231,"Hen eggs in shell, fresh",2007,USD,4636.7,A,Official figure
148,Chad,Producer Price (USD/tonne),0231,"Hen eggs in shell, fresh",2008,USD,4962.5,A,Official figure
148,Chad,Producer Price (USD/tonne),0231,"Hen eggs in shell, fresh",2009,USD,4706.2,A,Official figure
148,Chad,Producer Price (USD/tonne),0231,"Hen eggs in shell, fresh",2010,USD,4486.8,A,Official figure
148,Chad,Producer Price (USD/tonne),0231,"Hen eggs in shell, fresh",2011,USD,4709.4,A,Official figure
178,Congo,Producer Price (USD/tonne),0231,"Hen eggs in shell, fresh",2000,USD,1740.6,A,Official figure
178,Congo,Producer Price (USD/tonne),0231,"Hen eggs in shell, fresh",2001,USD,2060.3,A,Official figure
178,Congo,Producer Price (USD/tonne),0231,"Hen eggs in shell, fresh",2002,USD,1701.2,A,Official figure
178,Congo,Producer Price (USD/tonne),0231,"Hen eggs in shell, fresh",2009,USD,4059.1,A,Official figure
178,Congo,Producer Price (USD/tonne),0231,"Hen eggs in shell, fresh",2010,USD,3869.9,A,Official figure
178,Congo,Producer Price (USD/tonne),0231,"Hen eggs in shell, fresh",2011,USD,4061.9,A,Official figure
178,Congo,Producer Price (USD/tonne),0231,"Hen eggs in shell, fresh",2012,USD,3754.3,A,Official figure
178,Congo,Producer Price (USD/tonne),0231,"Hen eggs in shell, fresh",2013,USD,3879.6,A,Official figure
178,Congo,Producer Price (USD/tonne),21121,"Meat of chickens, fresh or chilled",2000,USD,3544.8,A,Official figure
178,Congo,Producer Price (USD/tonne),21121,"Meat of chickens, fresh or chilled",2001,USD,3100.4,A,Official figure
178,Congo,Producer Price (USD/tonne),21121,"Meat of chickens, fresh or chilled",2002,USD,3755.2,A,Official figure
178,Congo,Producer Price (USD/tonne),21121b,"Meat of chickens, fresh or chilled (biological)",2009,USD,4048.8,A,Official figure
178,Congo,Producer Price (USD/tonne),21121b,"Meat of chickens, fresh or chilled (biological)",2010,USD,3860.0,A,Official figure
178,Congo,Producer Price (USD/tonne),21121b,"Meat of chickens, fresh or chilled (biological)",2011,USD,4051.5,A,Official figure
178,Congo,Producer Price (USD/tonne),21121b,"Meat of chickens, fresh or chilled (biological)",2012,USD,3744.7,A,Official figure
178,Congo,Producer Price (USD/tonne),21121b,"Meat of chickens, fresh or chilled (biological)",2013,USD,3869.7,A,Official figure
384,Côte d'Ivoire,Producer Price (USD/tonne),0231,"Hen eggs in shell, fresh",2000,USD,994.4,A,Official figure
384,Côte d'Ivoire,Producer Price (USD/tonne),0231,"Hen eggs in shell, fresh",2001,USD,964.5,A,Official figure
384,Côte d'Ivoire,Producer Price (USD/tonne),0231,"Hen eggs in shell, fresh",2002,USD,1345.4,A,Official figure
384,Côte d'Ivoire,Producer Price (USD/tonne),0231,"Hen eggs in shell, fresh",2003,USD,1617.6,A,Official figure
384,Côte d'Ivoire,Producer Price (USD/tonne),0231,"Hen eggs in shell, fresh",2004,USD,1767.8,A,Official figure
384,Côte d'Ivoire,Producer Price (USD/tonne),0231,"Hen eggs in shell, fresh",2005,USD,1306.1,A,Official figure
384,Côte d'Ivoire,Producer Price (USD/tonne),0231,"Hen eggs in shell, fresh",2006,USD,1317.8,A,Official figure
384,Côte d'Ivoire,Producer Price (USD/tonne),0231,"Hen eggs in shell, fresh",2007,USD,1862.9,A,Official figure
384,Côte d'Ivoire,Producer Price (USD/tonne),21121b,"Meat of chickens, fresh or chilled (biological)",2000,USD,1334.3,A,Official figure
384,Côte d'Ivoire,Producer Price (USD/tonne),21121b,"Meat of chickens, fresh or chilled (biological)",2001,USD,1296.0,A,Official figure
384,Côte d'Ivoire,Producer Price (USD/tonne),21121b,"Meat of chickens, fresh or chilled (biological)",2002,USD,1506.5,A,Official figure
384,Côte d'Ivoire,Producer Price (USD/tonne),21121b,"Meat of chickens, fresh or chilled (biological)",2003,USD,1720.6,A,Official figure
818,Egypt,Producer Price (USD/tonne),0231,"Hen eggs in shell, fresh",2000,USD,1293.5,A,Official figure
818,Egypt,Producer Price (USD/tonne),0231,"Hen eggs in shell, fresh",2001,USD,1250.9,A,Official figure
818,Egypt,Producer Price (USD/tonne),0231,"Hen eggs in shell, fresh",2002,USD,1073.6,A,Official figure
818,Egypt,Producer Price (USD/tonne),0231,"Hen eggs in shell, fresh",2003,USD,929.8,A,Official figure
818,Egypt,Producer Price (USD/tonne),0231,"Hen eggs in shell, fresh",2004,USD,1031.3,A,Official figure
818,Egypt,Producer Price (USD/tonne),0231,"Hen eggs in shell, fresh",2005,USD,1307.0,A,Official figure
818,Egypt,Producer Price (USD/tonne),0231,"Hen eggs in shell, fresh",2006,USD,1994.4,A,Official figure
818,Egypt,Producer Price (USD/tonne),0231,"Hen eggs in shell, fresh",2007,USD,1964.7,A,Official figure
818,Egypt,Producer Price (USD/tonne),0231,"Hen eggs in shell, fresh",2008,USD,2288.1,A,Official figure
818,Egypt,Producer Price (USD/tonne),0231,"Hen eggs in shell, fresh",2009,USD,2140.1,A,Official figure
818,Egypt,Producer Price (USD/tonne),0231,"Hen eggs in shell, fresh",2010,USD,2171.3,A,Official figure
818,Egypt,Producer Price (USD/tonne),0231,"Hen eggs in shell, fresh",2011,USD,2065.1,A,Official figure
818,Egypt,Producer Price (USD/tonne),0231,"Hen eggs in shell, fresh",2012,USD,2107.1,A,Official figure
818,Egypt,Producer Price (USD/tonne),0231,"Hen eggs in shell, fresh",2013,USD,1982.6,A,Official figure
818,Egypt,Producer Price (USD/tonne),0231,"Hen eggs in shell, fresh",2014,USD,2013.0,A,Official figure
818,Egypt,Producer Price (USD/tonne),0231,"Hen eggs in shell, fresh",2015,USD,2149.3,A,Official figure
818,Egypt,Producer Price (USD/tonne),0231,"Hen eggs in shell, fresh",2016,USD,2108.0,A,Official figure
818,Egypt,Producer Price (USD/tonne),0231,"Hen eggs in shell, fresh",2017,USD,1545.0,A,Official figure
818,Egypt,Producer Price (USD/tonne),0231,"Hen eggs in shell, fresh",2018,USD,1293.2,A,Official figure
818,Egypt,Producer Price (USD/tonne),0231,"Hen eggs in shell, fresh",2019,USD,1505.2,A,Official figure
818,Egypt,Producer Price (USD/tonne),0231,"Hen eggs in shell, fresh",2020,USD,1776.2,A,Official figure
818,Egypt,Producer Price (USD/tonne),21121,"Meat of chickens, fresh or chilled",2000,USD,1260.4,A,Official figure
818,Egypt,Producer Price (USD/tonne),21121,"Meat of chickens, fresh or chilled",2001,USD,1126.4,A,Official figure
818,Egypt,Producer Price (USD/tonne),21121,"Meat of chickens, fresh or chilled",2002,USD,1037.6,A,Official figure
818,Egypt,Producer Price (USD/tonne),21121,"Meat of chickens, fresh or chilled",2003,USD,924.5,A,Official figure
818,Egypt,Producer Price (USD/tonne),21121,"Meat of chickens, fresh or chilled",2004,USD,1089.9,A,Official figure
818,Egypt,Producer Price (USD/tonne),21121,"Meat of chickens, fresh or chilled",2005,USD,1108.5,A,Official figure
818,Egypt,Producer Price (USD/tonne),21121,"Meat of chickens, fresh or chilled",2006,USD,1320.4,A,Official figure
818,Egypt,Producer Price (USD/tonne),21121,"Meat of chickens, fresh or chilled",2007,USD,1407.7,A,Official figure
818,Egypt,Producer Price (USD/tonne),21121,"Meat of chickens, fresh or chilled",2008,USD,1965.0,A,Official figure
818,Egypt,Producer Price (USD/tonne),21121,"Meat of chickens, fresh or chilled",2009,USD,1953.6,A,Official figure
818,Egypt,Producer Price (USD/tonne),21121,"Meat of chickens, fresh or chilled",2010,USD,2059.1,A,Official figure
818,Egypt,Producer Price (USD/tonne),21121,"Meat of chickens, fresh or chilled",2011,USD,2090.6,A,Official figure
818,Egypt,Producer Price (USD/tonne),21121,"Meat of chickens, fresh or chilled",2012,USD,2187.4,A,Official figure
818,Egypt,Producer Price (USD/tonne),21121,"Meat of chickens, fresh or chilled",2013,USD,2309.5,A,Official figure
818,Egypt,Producer Price (USD/tonne),21121,"Meat of chickens, fresh or chilled",2014,USD,2444.8,A,Official figure
818,Egypt,Producer Price (USD/tonne),21121,"Meat of chickens, fresh or chilled",2015,USD,2379.3,A,Official figure
818,Egypt,Producer Price (USD/tonne),21121,"Meat of chickens, fresh or chilled",2016,USD,2061.0,A,Official figure
818,Egypt,Producer Price (USD/tonne),21121,"Meat of chickens, fresh or chilled",2017,USD,1510.5,A,Official figure
818,Egypt,Producer Price (USD/tonne),21121,"Meat of chickens, fresh or chilled",2018,USD,1455.3,A,Official figure
818,Egypt,Producer Price (USD/tonne),21121b,"Meat of chickens, fresh or chilled (biological)",2006,USD,1143.0,A,Official figure
818,Egypt,Producer Price (USD/tonne),21121b,"Meat of chickens, fresh or chilled (biological)",2019,USD,2301.1,A,Official figure
818,Egypt,Producer Price (USD/tonne),21121b,"Meat of chickens, fresh or chilled (biological)",2020,USD,2391.0,A,Official figure
818,Egypt,Producer Price (USD/tonne),21121b,"Meat of chickens, fresh or chilled (biological)",2021,USD,2400.8,A,Official figure
226,Equatorial Guinea,Producer Price (USD/tonne),21121b,"Meat of chickens, fresh or chilled (biological)",2000,USD,5107.4,A,Official figure
226,Equatorial Guinea,Producer Price (USD/tonne),21121b,"Meat of chickens, fresh or chilled (biological)",2001,USD,6200.8,A,Official figure
226,Equatorial Guinea,Producer Price (USD/tonne),21121b,"Meat of chickens, fresh or chilled (biological)",2002,USD,6521.6,A,Official figure
226,Equatorial Guinea,Producer Price (USD/tonne),21121b,"Meat of chickens, fresh or chilled (biological)",2003,USD,7820.8,A,Official figure
231,Ethiopia,Producer Price (USD/tonne),0231,"Hen eggs in shell, fresh",2006,USD,459.8,A,Official figure
231,Ethiopia,Producer Price (USD/tonne),0231,"Hen eggs in shell, fresh",2007,USD,1113.6,A,Official figure
231,Ethiopia,Producer Price (USD/tonne),0231,"Hen eggs in shell, fresh",2008,USD,1377.9,A,Official figure
231,Ethiopia,Producer Price (USD/tonne),0231,"Hen eggs in shell, fresh",2010,USD,1025.2,A,Official figure
231,Ethiopia,Producer Price (USD/tonne),0231,"Hen eggs in shell, fresh",2011,USD,1304.0,A,Official figure
231,Ethiopia,Producer Price (USD/tonne),0231,"Hen eggs in shell, fresh",2012,USD,1840.9,A,Official figure
231,Ethiopia,Producer Price (USD/tonne),0231,"Hen eggs in shell, fresh",2016,USD,2372.4,A,Official figure
231,Ethiopia,Producer Price (USD/tonne),0231,"Hen eggs in shell, fresh",2017,USD,2284.3,A,Official figure
231,Ethiopia,Producer Price (USD/tonne),21121b,"Meat of chickens, fresh or chilled (biological)",2006,USD,1215.1,A,Official figure
231,Ethiopia,Producer Price (USD/tonne),21121b,"Meat of chickens, fresh or chilled (biological)",2007,USD,1602.8,A,Official figure
231,Ethiopia,Producer Price (USD/tonne),21121b,"Meat of chickens, fresh or chilled (biological)",2008,USD,1993.8,A,Official figure
231,Ethiopia,Producer Price (USD/tonne),21121b,"Meat of chickens, fresh or chilled (biological)",2010,USD,1379.7,A,Official figure
231,Ethiopia,Producer Price (USD/tonne),21121b,"Meat of chickens, fresh or chilled (biological)",2011,USD,1858.6,A,Official figure
231,Ethiopia,Producer Price (USD/tonne),21121b,"Meat of chickens, fresh or chilled (biological)",2012,USD,1985.4,A,Official figure
231,Ethiopia,Producer Price (USD/tonne),21121b,"Meat of chickens, fresh or chilled (biological)",2016,USD,3789.0,A,Official figure
231,Ethiopia,Producer Price (USD/tonne),21121b,"Meat of chickens, fresh or chilled (biological)",2017,USD,3872.1,A,Official figure
270,Gambia,Producer Price (USD/tonne),0231,"Hen eggs in shell, fresh",2019,USD,3196.0,A,Official figure
270,Gambia,Producer Price (USD/tonne),21121,"Meat of chickens, fresh or chilled",2000,USD,2737.0,A,Official figure
270,Gambia,Producer Price (USD/tonne),21121,"Meat of chickens, fresh or chilled",2001,USD,2868.6,A,Official figure
270,Gambia,Producer Price (USD/tonne),21121,"Meat of chickens, fresh or chilled",2002,USD,3514.4,A,Official figure
270,Gambia,Producer Price (USD/tonne),21121b,"Meat of chickens, fresh or chilled (biological)",2009,USD,2846.1,A,Official figure
270,Gambia,Producer Price (USD/tonne),21121b,"Meat of chickens, fresh or chilled (biological)",2010,USD,3421.2,A,Official figure
270,Gambia,Producer Price (USD/tonne),21121b,"Meat of chickens, fresh or chilled (biological)",2011,USD,3394.3,A,Official figure
270,Gambia,Producer Price (USD/tonne),21121b,"Meat of chickens, fresh or chilled (biological)",2012,USD,3117.5,A,Official figure
270,Gambia,Producer Price (USD/tonne),21121b,"Meat of chickens, fresh or chilled (biological)",2013,USD,2734.7,A,Official figure
270,Gambia,Producer Price (USD/tonne),21121b,"Meat of chickens, fresh or chilled (biological)",2019,USD,3618.7,A,Official figure
288,Ghana,Producer Price (USD/tonne),0231,"Hen eggs in shell, fresh",2003,USD,1615.2,A,Official figure
288,Ghana,Producer Price (USD/tonne),0231,"Hen eggs in shell, fresh",2011,USD,3783.0,A,Official figure
288,Ghana,Producer Price (USD/tonne),21121,"Meat of chickens, fresh or chilled",2003,USD,1845.9,A,Official figure
324,Guinea,Producer Price (USD/tonne),0231,"Hen eggs in shell, fresh",2000,USD,1831.8,A,Official figure
324,Guinea,Producer Price (USD/tonne),0231,"Hen eggs in shell, fresh",2001,USD,2841.7,A,Official figure
324,Guinea,Producer Price (USD/tonne),0231,"Hen eggs in shell, fresh",2002,USD,4077.8,A,Official figure
324,Guinea,Producer Price (USD/tonne),0231,"Hen eggs in shell, fresh",2003,USD,1928.8,A,Official figure
324,Guinea,Producer Price (USD/tonne),0231,"Hen eggs in shell, fresh",2004,USD,1790.6,A,Official figure
324,Guinea,Producer Price (USD/tonne),0231,"Hen eggs in shell, fresh",2005,USD,1621.4,A,Official figure
324,Guinea,Producer Price (USD/tonne),0231,"Hen eggs in shell, fresh",2017,USD,2958.8,A,Official figure
324,Guinea,Producer Price (USD/tonne),0231,"Hen eggs in shell, fresh",2018,USD,2437.4,A,Official figure
324,Guinea,Producer Price (USD/tonne),0231,"Hen eggs in shell, fresh",2019,USD,2397.5,A,Official figure
324,Guinea,Producer Price (USD/tonne),0231,"Hen eggs in shell, fresh",2020,USD,2708.7,A,Official figure
324,Guinea,Producer Price (USD/tonne),0231,"Hen eggs in shell, fresh",2021,USD,2670.9,A,Official figure
324,Guinea,Producer Price (USD/tonne),21121b,"Meat of chickens, fresh or chilled (biological)",2000,USD,1350.5,A,Official figure
324,Guinea,Producer Price (USD/tonne),21121b,"Meat of chickens, fresh or chilled (biological)",2001,USD,1357.3,A,Official figure
324,Guinea,Producer Price (USD/tonne),21121b,"Meat of chickens, fresh or chilled (biological)",2002,USD,1318.4,A,Official figure
324,Guinea,Producer Price (USD/tonne),21121b,"Meat of chickens, fresh or chilled (biological)",2003,USD,1772.5,A,Official figure
324,Guinea,Producer Price (USD/tonne),21121b,"Meat of chickens, fresh or chilled (biological)",2004,USD,3164.1,A,Official figure
324,Guinea,Producer Price (USD/tonne),21121b,"Meat of chickens, fresh or chilled (biological)",2005,USD,3198.7,A,Official figure
324,Guinea,Producer Price (USD/tonne),21121b,"Meat of chickens, fresh or chilled (biological)",2016,USD,3150.1,A,Official figure
324,Guinea,Producer Price (USD/tonne),21121b,"Meat of chickens, fresh or chilled (biological)",2017,USD,2913.5,A,Official figure
324,Guinea,Producer Price (USD/tonne),21121b,"Meat of chickens, fresh or chilled (biological)",2018,USD,2753.7,A,Official figure
324,Guinea,Producer Price (USD/tonne),21121b,"Meat of chickens, fresh or chilled (biological)",2019,USD,2614.3,A,Official figure
324,Guinea,Producer Price (USD/tonne),21121b,"Meat of chickens, fresh or chilled (biological)",2020,USD,3113.6,A,Official figure
324,Guinea,Producer Price (USD/tonne),21121b,"Meat of chickens, fresh or chilled (biological)",2021,USD,3070.7,A,Official figure
624,Guinea-Bissau,Producer Price (USD/tonne),0231,"Hen eggs in shell, fresh",2000,USD,2809.1,A,Official figure
624,Guinea-Bissau,Producer Price (USD/tonne),0231,"Hen eggs in shell, fresh",2001,USD,2728.4,A,Official figure
624,Guinea-Bissau,Producer Price (USD/tonne),0231,"Hen eggs in shell, fresh",2002,USD,2869.5,A,Official figure
624,Guinea-Bissau,Producer Price (USD/tonne),0231,"Hen eggs in shell, fresh",2003,USD,3441.2,A,Official figure
624,Guinea-Bissau,Producer Price (USD/tonne),0231,"Hen eggs in shell, fresh",2004,USD,3785.8,A,Official figure
624,Guinea-Bissau,Producer Price (USD/tonne),0231,"Hen eggs in shell, fresh",2005,USD,3791.7,A,Official figure
624,Guinea-Bissau,Producer Price (USD/tonne),0231,"Hen eggs in shell, fresh",2006,USD,3824.9,A,Official figure
624,Guinea-Bissau,Producer Price (USD/tonne),0231,"Hen eggs in shell, fresh",2007,USD,4173.0,A,Official figure
624,Guinea-Bissau,Producer Price (USD/tonne),0231,"Hen eggs in shell, fresh",2008,USD,4466.2,A,Official figure
624,Guinea-Bissau,Producer Price (USD/tonne),21121,"Meat of chickens, fresh or chilled",2007,USD,3547.1,A,Official figure
624,Guinea-Bissau,Producer Price (USD/tonne),21121,"Meat of chickens, fresh or chilled",2008,USD,3796.3,A,Official figure
404,Kenya,Producer Price (USD/tonne),0231,"Hen eggs in shell, fresh",2000,USD,875.2,A,Official figure
404,Kenya,Producer Price (USD/tonne),0231,"Hen eggs in shell, fresh",2001,USD,1414.3,A,Official figure
404,Kenya,Producer Price (USD/tonne),0231,"Hen eggs in shell, fresh",2002,USD,1410.9,A,Official figure
404,Kenya,Producer Price (USD/tonne),0231,"Hen eggs in shell, fresh",2003,USD,1463.2,A,Official figure
404,Kenya,Producer Price (USD/tonne),0231,"Hen eggs in shell, fresh",2004,USD,1403.4,A,Official figure
404,Kenya,Producer Price (USD/tonne),0231,"Hen eggs in shell, fresh",2005,USD,1633.1,A,Official figure
404,Kenya,Producer Price (USD/tonne),0231,"Hen eggs in shell, fresh",2006,USD,1772.4,A,Official figure
404,Kenya,Producer Price (USD/tonne),0231,"Hen eggs in shell, fresh",2007,USD,2106.6,A,Official figure
404,Kenya,Producer Price (USD/tonne),0231,"Hen eggs in shell, fresh",2008,USD,2551.3,A,Official figure
404,Kenya,Producer Price (USD/tonne),0231,"Hen eggs in shell, fresh",2009,USD,2048.3,A,Official figure
404,Kenya,Producer Price (USD/tonne),0231,"Hen eggs in shell, fresh",2010,USD,2243.7,A,Official figure
404,Kenya,Producer Price (USD/tonne),0231,"Hen eggs in shell, fresh",2011,USD,2001.8,A,Official figure
404,Kenya,Producer Price (USD/tonne),0231,"Hen eggs in shell, fresh",2012,USD,2153.1,A,Official figure
404,Kenya,Producer Price (USD/tonne),0231,"Hen eggs in shell, fresh",2013,USD,2113.3,A,Official figure
404,Kenya,Producer Price (USD/tonne),0231,"Hen eggs in shell, fresh",2014,USD,2525.0,A,Official figure
404,Kenya,Producer Price (USD/tonne),0231,"Hen eggs in shell, fresh",2015,USD,2281.6,A,Official figure
404,Kenya,Producer Price (USD/tonne),0231,"Hen eggs in shell, fresh",2016,USD,1989.8,A,Official figure
404,Kenya,Producer Price (USD/tonne),21121,"Meat of chickens, fresh or chilled",2005,USD,2040.4,A,Official figure
404,Kenya,Producer Price (USD/tonne),21121,"Meat of chickens, fresh or chilled",2006,USD,2348.8,A,Official figure
404,Kenya,Producer Price (USD/tonne),21121,"Meat of chickens, fresh or chilled",2007,USD,3210.8,A,Official figure
404,Kenya,Producer Price (USD/tonne),21121,"Meat of chickens, fresh or chilled",2008,USD,3550.3,A,Official figure
404,Kenya,Producer Price (USD/tonne),21121,"Meat of chickens, fresh or chilled",2012,USD,4140.6,A,Official figure
404,Kenya,Producer Price (USD/tonne),21121,"Meat of chickens, fresh or chilled",2013,USD,4064.0,A,Official figure
404,Kenya,Producer Price (USD/tonne),21121,"Meat of chickens, fresh or chilled",2014,USD,4549.5,A,Official figure
404,Kenya,Producer Price (USD/tonne),21121,"Meat of chickens, fresh or chilled",2015,USD,4461.3,A,Official figure
404,Kenya,Producer Price (USD/tonne),21121,"Meat of chickens, fresh or chilled",2016,USD,4181.8,A,Official figure
404,Kenya,Producer Price (USD/tonne),21121b,"Meat of chickens, fresh or chilled (biological)",2000,USD,1312.8,A,Official figure
404,Kenya,Producer Price (USD/tonne),21121b,"Meat of chickens, fresh or chilled (biological)",2001,USD,1697.1,A,Official figure
404,Kenya,Producer Price (USD/tonne),21121b,"Meat of chickens, fresh or chilled (biological)",2002,USD,1693.1,A,Official figure
404,Kenya,Producer Price (USD/tonne),21121b,"Meat of chickens, fresh or chilled (biological)",2006,USD,1664.3,A,Official figure
404,Kenya,Producer Price (USD/tonne),21121b,"Meat of chickens, fresh or chilled (biological)",2008,USD,2446.4,A,Official figure
404,Kenya,Producer Price (USD/tonne),21121b,"Meat of chickens, fresh or chilled (biological)",2009,USD,1723.7,A,Official figure
404,Kenya,Producer Price (USD/tonne),21121b,"Meat of chickens, fresh or chilled (biological)",2010,USD,2103.5,A,Official figure
450,Madagascar,Producer Price (USD/tonne),0231,"Hen eggs in shell, fresh",2000,USD,788.1,A,Official figure
450,Madagascar,Producer Price (USD/tonne),0231,"Hen eggs in shell, fresh",2001,USD,860.1,A,Official figure
450,Madagascar,Producer Price (USD/tonne),0231,"Hen eggs in shell, fresh",2002,USD,1366.1,A,Official figure
450,Madagascar,Producer Price (USD/tonne),0231,"Hen eggs in shell, fresh",2004,USD,1000.6,A,Official figure
450,Madagascar,Producer Price (USD/tonne),0231,"Hen eggs in shell, fresh",2005,USD,1362.9,A,Official figure
450,Madagascar,Producer Price (USD/tonne),0231,"Hen eggs in shell, fresh",2007,USD,2541.2,A,Official figure
450,Madagascar,Producer Price (USD/tonne),0231,"Hen eggs in shell, fresh",2008,USD,3484.2,A,Official figure
450,Madagascar,Producer Price (USD/tonne),21121,"Meat of chickens, fresh or chilled",2000,USD,1182.1,A,Official figure
450,Madagascar,Producer Price (USD/tonne),21121,"Meat of chickens, fresh or chilled",2001,USD,1441.9,A,Official figure
450,Madagascar,Producer Price (USD/tonne),21121,"Meat of chickens, fresh or chilled",2002,USD,1463.7,A,Official figure
450,Madagascar,Producer Price (USD/tonne),21121,"Meat of chickens, fresh or chilled",2003,USD,1938.1,A,Official figure
450,Madagascar,Producer Price (USD/tonne),21121b,"Meat of chickens, fresh or chilled (biological)",2000,USD,738.8,X,Figure from international organizations
450,Madagascar,Producer Price (USD/tonne),21121b,"Meat of chickens, fresh or chilled (biological)",2001,USD,834.8,X,Figure from international organizations
450,Madagascar,Producer Price (USD/tonne),21121b,"Meat of chickens, fresh or chilled (biological)",2004,USD,1616.0,A,Official figure
450,Madagascar,Producer Price (USD/tonne),21121b,"Meat of chickens, fresh or chilled (biological)",2005,USD,1756.8,A,Official figure
450,Madagascar,Producer Price (USD/tonne),21121b,"Meat of chickens, fresh or chilled (biological)",2007,USD,1894.5,A,Official figure
450,Madagascar,Producer Price (USD/tonne),21121b,"Meat of chickens, fresh or chilled (biological)",2008,USD,3512.1,A,Official figure
450,Madagascar,Producer Price (USD/tonne),21121b,"Meat of chickens, fresh or chilled (biological)",2009,USD,3169.4,A,Official figure
450,Madagascar,Producer Price (USD/tonne),21121b,"Meat of chickens, fresh or chilled (biological)",2010,USD,2966.6,A,Official figure
450,Madagascar,Producer Price (USD/tonne),21121b,"Meat of chickens, fresh or chilled (biological)",2011,USD,3061.6,A,Official figure
454,Malawi,Producer Price (USD/tonne),0231,"Hen eggs in shell, fresh",2009,USD,4620.2,A,Official figure
454,Malawi,Producer Price (USD/tonne),0231,"Hen eggs in shell, fresh",2010,USD,4466.0,A,Official figure
454,Malawi,Producer Price (USD/tonne),0231,"Hen eggs in shell, fresh",2011,USD,4685.3,A,Official figure
454,Malawi,Producer Price (USD/tonne),0231,"Hen eggs in shell, fresh",2012,USD,5321.8,A,Official figure
454,Malawi,Producer Price (USD/tonne),0231,"Hen eggs in shell, fresh",2013,USD,3806.5,A,Official figure
454,Malawi,Producer Price (USD/tonne),0231,"Hen eggs in shell, fresh",2014,USD,2845.0,A,Official figure
454,Malawi,Producer Price (USD/tonne),0231,"Hen eggs in shell, fresh",2015,USD,3379.9,A,Official figure
454,Malawi,Producer Price (USD/tonne),0231,"Hen eggs in shell, fresh",2016,USD,2609.9,A,Official figure
454,Malawi,Producer Price (USD/tonne),21121,"Meat of chickens, fresh or chilled",2013,USD,5478.2,A,Official figure
466,Mali,Producer Price (USD/tonne),0231,"Hen eggs in shell, fresh",2000,USD,1370.3,X,Figure from international organizations
466,Mali,Producer Price (USD/tonne),0231,"Hen eggs in shell, fresh",2001,USD,1330.9,X,Figure from international organizations
466,Mali,Producer Price (USD/tonne),0231,"Hen eggs in shell, fresh",2004,USD,1892.9,A,Official figure
466,Mali,Producer Price (USD/tonne),0231,"Hen eggs in shell, fresh",2005,USD,1895.8,A,Official figure
466,Mali,Producer Price (USD/tonne),0231,"Hen eggs in shell, fresh",2006,USD,1912.4,A,Official figure
466,Mali,Producer Price (USD/tonne),0231,"Hen eggs in shell, fresh",2007,USD,2086.5,A,Official figure
466,Mali,Producer Price (USD/tonne),0231,"Hen eggs in shell, fresh",2009,USD,2582.7,A,Official figure
466,Mali,Producer Price (USD/tonne),0231,"Hen eggs in shell, fresh",2010,USD,2462.3,A,Official figure
466,Mali,Producer Price (USD/tonne),0231,"Hen eggs in shell, fresh",2011,USD,3359.8,A,Official figure
466,Mali,Producer Price (USD/tonne),0231,"Hen eggs in shell, fresh",2012,USD,3583.1,A,Official figure
466,Mali,Producer Price (USD/tonne),0231,"Hen eggs in shell, fresh",2013,USD,3702.7,A,Official figure
466,Mali,Producer Price (USD/tonne),0231,"Hen eggs in shell, fresh",2014,USD,2528.2,A,Official figure
466,Mali,Producer Price (USD/tonne),21121,"Meat of chickens, fresh or chilled",2000,USD,2106.8,A,Official figure
466,Mali,Producer Price (USD/tonne),21121,"Meat of chickens, fresh or chilled",2001,USD,2046.3,A,Official figure
466,Mali,Producer Price (USD/tonne),21121,"Meat of chickens, fresh or chilled",2002,USD,2152.1,A,Official figure
466,Mali,Producer Price (USD/tonne),21121,"Meat of chickens, fresh or chilled",2003,USD,2580.9,A,Official figure
466,Mali,Producer Price (USD/tonne),21121,"Meat of chickens, fresh or chilled",2004,USD,2839.4,A,Official figure
466,Mali,Producer Price (USD/tonne),21121,"Meat of chickens, fresh or chilled",2005,USD,2843.8,A,Official figure
466,Mali,Producer Price (USD/tonne),21121,"Meat of chickens, fresh or chilled",2006,USD,3824.9,A,Official figure
466,Mali,Producer Price (USD/tonne),21121,"Meat of chickens, fresh or chilled",2007,USD,4173.0,A,Official figure
466,Mali,Producer Price (USD/tonne),21121,"Meat of chickens, fresh or chilled",2014,USD,5056.5,A,Official figure
466,Mali,Producer Price (USD/tonne),21121b,"Meat of chickens, fresh or chilled (biological)",2006,USD,2868.7,A,Official figure
466,Mali,Producer Price (USD/tonne),21121b,"Meat of chickens, fresh or chilled (biological)",2007,USD,3444.8,A,Official figure
466,Mali,Producer Price (USD/tonne),21121b,"Meat of chickens, fresh or chilled (biological)",2009,USD,3325.0,A,Official figure
466,Mali,Producer Price (USD/tonne),21121b,"Meat of chickens, fresh or chilled (biological)",2010,USD,3294.8,A,Official figure
466,Mali,Producer Price (USD/tonne),21121b,"Meat of chickens, fresh or chilled (biological)",2011,USD,3776.1,A,Official figure
466,Mali,Producer Price (USD/tonne),21121b,"Meat of chickens, fresh or chilled (biological)",2012,USD,3543.6,A,Official figure
466,Mali,Producer Price (USD/tonne),21121b,"Meat of chickens, fresh or chilled (biological)",2013,USD,4388.7,A,Official figure
480,Mauritius,Producer Price (USD/tonne),0231,"Hen eggs in shell, fresh",2000,USD,1482.7,A,Official figure
480,Mauritius,Producer Price (USD/tonne),0231,"Hen eggs in shell, fresh",2001,USD,1594.1,A,Official figure
480,Mauritius,Producer Price (USD/tonne),0231,"Hen eggs in shell, fresh",2002,USD,1422.5,A,Official figure
480,Mauritius,Producer Price (USD/tonne),0231,"Hen eggs in shell, fresh",2003,USD,1535.8,A,Official figure
480,Mauritius,Producer Price (USD/tonne),0231,"Hen eggs in shell, fresh",2004,USD,1520.8,A,Official figure
480,Mauritius,Producer Price (USD/tonne),0231,"Hen eggs in shell, fresh",2005,USD,1664.3,A,Official figure
480,Mauritius,Producer Price (USD/tonne),0231,"Hen eggs in shell, fresh",2006,USD,1559.5,A,Official figure
480,Mauritius,Producer Price (USD/tonne),0231,"Hen eggs in shell, fresh",2007,USD,1632.8,A,Official figure
480,Mauritius,Producer Price (USD/tonne),0231,"Hen eggs in shell, fresh",2008,USD,2063.1,A,Official figure
480,Mauritius,Producer Price (USD/tonne),0231,"Hen eggs in shell, fresh",2009,USD,1934.3,A,Official figure
480,Mauritius,Producer Price (USD/tonne),0231,"Hen eggs in shell, fresh",2010,USD,2244.0,A,Official figure
480,Mauritius,Producer Price (USD/tonne),0231,"Hen eggs in shell, fresh",2011,USD,2733.8,A,Official figure
480,Mauritius,Producer Price (USD/tonne),0231,"Hen eggs in shell, fresh",2012,USD,2253.7,A,Official figure
480,Mauritius,Producer Price (USD/tonne),0231,"Hen eggs in shell, fresh",2013,USD,2661.4,A,Official figure
480,Mauritius,Producer Price (USD/tonne),0231,"Hen eggs in shell, fresh",2014,USD,2714.5,A,Official figure
480,Mauritius,Producer Price (USD/tonne),0231,"Hen eggs in shell, fresh",2015,USD,2384.3,A,Official figure
480,Mauritius,Producer Price (USD/tonne),0231,"Hen eggs in shell, fresh",2016,USD,2124.8,A,Official figure
480,Mauritius,Producer Price (USD/tonne),0231,"Hen eggs in shell, fresh",2017,USD,2320.6,A,Official figure
480,Mauritius,Producer Price (USD/tonne),0231,"Hen eggs in shell, fresh",2018,USD,2563.8,A,Official figure
480,Mauritius,Producer Price (USD/tonne),0231,"Hen eggs in shell, fresh",2019,USD,2293.4,A,Official figure
480,Mauritius,Producer Price (USD/tonne),0231,"Hen eggs in shell, fresh",2020,USD,1904.7,A,Official figure
480,Mauritius,Producer Price (USD/tonne),0231,"Hen eggs in shell, fresh",2021,USD,2026.0,A,Official figure
480,Mauritius,Producer Price (USD/tonne),21121,"Meat of chickens, fresh or chilled",2000,USD,1186.0,A,Official figure
480,Mauritius,Producer Price (USD/tonne),21121,"Meat of chickens, fresh or chilled",2001,USD,1069.7,A,Official figure
480,Mauritius,Producer Price (USD/tonne),21121,"Meat of chickens, fresh or chilled",2002,USD,1042.1,A,Official figure
480,Mauritius,Producer Price (USD/tonne),21121,"Meat of chickens, fresh or chilled",2003,USD,1147.0,A,Official figure
480,Mauritius,Producer Price (USD/tonne),21121,"Meat of chickens, fresh or chilled",2004,USD,1268.6,A,Official figure
480,Mauritius,Producer Price (USD/tonne),21121,"Meat of chickens, fresh or chilled",2005,USD,1162.5,A,Official figure
480,Mauritius,Producer Price (USD/tonne),21121,"Meat of chickens, fresh or chilled",2006,USD,1295.6,A,Official figure
480,Mauritius,Producer Price (USD/tonne),21121,"Meat of chickens, fresh or chilled",2007,USD,1614.9,A,Official figure
480,Mauritius,Producer Price (USD/tonne),21121,"Meat of chickens, fresh or chilled",2008,USD,2026.2,A,Official figure
480,Mauritius,Producer Price (USD/tonne),21121,"Meat of chickens, fresh or chilled",2009,USD,1913.9,A,Official figure
480,Mauritius,Producer Price (USD/tonne),21121,"Meat of chickens, fresh or chilled",2010,USD,2124.0,A,Official figure
480,Mauritius,Producer Price (USD/tonne),21121,"Meat of chickens, fresh or chilled",2011,USD,2257.3,A,Official figure
480,Mauritius,Producer Price (USD/tonne),21121,"Meat of chickens, fresh or chilled",2012,USD,2136.9,A,Official figure
480,Mauritius,Producer Price (USD/tonne),21121,"Meat of chickens, fresh or chilled",2013,USD,2177.4,A,Official figure
480,Mauritius,Producer Price (USD/tonne),21121,"Meat of chickens, fresh or chilled",2014,USD,2179.0,A,Official figure
480,Mauritius,Producer Price (USD/tonne),21121,"Meat of chickens, fresh or chilled",2015,USD,1918.3,A,Official figure
480,Mauritius,Producer Price (USD/tonne),21121,"Meat of chickens, fresh or chilled",2016,USD,1916.5,A,Official figure
480,Mauritius,Producer Price (USD/tonne),21121,"Meat of chickens, fresh or chilled",2017,USD,1911.8,A,Official figure
480,Mauritius,Producer Price (USD/tonne),21121,"Meat of chickens, fresh or chilled",2018,USD,2024.7,A,Official figure
480,Mauritius,Producer Price (USD/tonne),21121,"Meat of chickens, fresh or chilled",2019,USD,1874.3,A,Official figure
480,Mauritius,Producer Price (USD/tonne),21121,"Meat of chickens, fresh or chilled",2020,USD,1676.5,A,Official figure
480,Mauritius,Producer Price (USD/tonne),21121,"Meat of chickens, fresh or chilled",2021,USD,1606.0,A,Official figure
504,Morocco,Producer Price (USD/tonne),0231,"Hen eggs in shell, fresh",2000,USD,1129.3,A,Official figure
504,Morocco,Producer Price (USD/tonne),0231,"Hen eggs in shell, fresh",2001,USD,990.9,A,Official figure
504,Morocco,Producer Price (USD/tonne),0231,"Hen eggs in shell, fresh",2002,USD,995.2,A,Official figure
504,Morocco,Producer Price (USD/tonne),0231,"Hen eggs in shell, fresh",2003,USD,1139.5,A,Official figure
504,Morocco,Producer Price (USD/tonne),0231,"Hen eggs in shell, fresh",2004,USD,1025.1,A,Official figure
504,Morocco,Producer Price (USD/tonne),0231,"Hen eggs in shell, fresh",2005,USD,1128.0,A,Official figure
504,Morocco,Producer Price (USD/tonne),0231,"Hen eggs in shell, fresh",2006,USD,1138.1,A,Official figure
504,Morocco,Producer Price (USD/tonne),0231,"Hen eggs in shell, fresh",2021,USD,1213.7,A,Official figure
504,Morocco,Producer Price (USD/tonne),21121b,"Meat of chickens, fresh or chilled (biological)",2000,USD,1096.4,A,Official figure
504,Morocco,Producer Price (USD/tonne),21121b,"Meat of chickens, fresh or chilled (biological)",2001,USD,1079.4,A,Official figure
504,Morocco,Producer Price (USD/tonne),21121b,"Meat of chickens, fresh or chilled (biological)",2002,USD,1116.1,A,Official figure
504,Morocco,Producer Price (USD/tonne),21121b,"Meat of chickens, fresh or chilled (biological)",2003,USD,1284.7,A,Official figure
504,Morocco,Producer Price (USD/tonne),21121b,"Meat of chickens, fresh or chilled (biological)",2004,USD,1263.0,A,Official figure
504,Morocco,Producer Price (USD/tonne),21121b,"Meat of chickens, fresh or chilled (biological)",2005,USD,1087.4,A,Official figure
504,Morocco,Producer Price (USD/tonne),21121b,"Meat of chickens, fresh or chilled (biological)",2006,USD,1239.3,A,Official figure
508,Mozambique,Producer Price (USD/tonne),0231,"Hen eggs in shell, fresh",2000,USD,1017.9,A,Official figure
508,Mozambique,Producer Price (USD/tonne),0231,"Hen eggs in shell, fresh",2001,USD,847.2,A,Official figure
508,Mozambique,Producer Price (USD/tonne),0231,"Hen eggs in shell, fresh",2002,USD,853.1,A,Official figure
508,Mozambique,Producer Price (USD/tonne),0231,"Hen eggs in shell, fresh",2003,USD,1208.9,A,Official figure
508,Mozambique,Producer Price (USD/tonne),0231,"Hen eggs in shell, fresh",2004,USD,1568.1,A,Official figure
508,Mozambique,Producer Price (USD/tonne),0231,"Hen eggs in shell, fresh",2005,USD,1571.1,A,Official figure
508,Mozambique,Producer Price (USD/tonne),0231,"Hen eggs in shell, fresh",2006,USD,1715.7,A,Official figure
508,Mozambique,Producer Price (USD/tonne),0231,"Hen eggs in shell, fresh",2007,USD,1645.1,A,Official figure
508,Mozambique,Producer Price (USD/tonne),0231,"Hen eggs in shell, fresh",2013,USD,4376.1,A,Official figure
508,Mozambique,Producer Price (USD/tonne),0231,"Hen eggs in shell, fresh",2014,USD,4513.9,A,Official figure
508,Mozambique,Producer Price (USD/tonne),0231,"Hen eggs in shell, fresh",2015,USD,3632.0,A,Official figure
508,Mozambique,Producer Price (USD/tonne),0231,"Hen eggs in shell, fresh",2016,USD,2847.7,A,Official figure
508,Mozambique,Producer Price (USD/tonne),0231,"Hen eggs in shell, fresh",2019,USD,2946.4,A,Official figure
508,Mozambique,Producer Price (USD/tonne),0231,"Hen eggs in shell, fresh",2020,USD,2537.7,A,Official figure
508,Mozambique,Producer Price (USD/tonne),0231,"Hen eggs in shell, fresh",2021,USD,2692.8,A,Official figure
508,Mozambique,Producer Price (USD/tonne),21121,"Meat of chickens, fresh or chilled",2000,USD,2410.8,A,Official figure
508,Mozambique,Producer Price (USD/tonne),21121,"Meat of chickens, fresh or chilled",2001,USD,1899.2,A,Official figure
508,Mozambique,Producer Price (USD/tonne),21121,"Meat of chickens, fresh or chilled",2002,USD,1886.6,A,Official figure
508,Mozambique,Producer Price (USD/tonne),21121,"Meat of chickens, fresh or chilled",2003,USD,2324.8,A,Official figure
508,Mozambique,Producer Price (USD/tonne),21121,"Meat of chickens, fresh or chilled",2004,USD,2937.8,A,Official figure
508,Mozambique,Producer Price (USD/tonne),21121,"Meat of chickens, fresh or chilled",2005,USD,2655.6,A,Official figure
508,Mozambique,Producer Price (USD/tonne),21121,"Meat of chickens, fresh or chilled",2006,USD,3049.5,A,Official figure
508,Mozambique,Producer Price (USD/tonne),21121,"Meat of chickens, fresh or chilled",2007,USD,3097.5,A,Official figure
508,Mozambique,Producer Price (USD/tonne),21121,"Meat of chickens, fresh or chilled",2013,USD,4826.3,A,Official figure
508,Mozambique,Producer Price (USD/tonne),21121,"Meat of chickens, fresh or chilled",2014,USD,4678.7,A,Official figure
508,Mozambique,Producer Price (USD/tonne),21121,"Meat of chickens, fresh or chilled",2015,USD,3769.2,A,Official figure
508,Mozambique,Producer Price (USD/tonne),21121,"Meat of chickens, fresh or chilled",2016,USD,2885.8,A,Official figure
508,Mozambique,Producer Price (USD/tonne),21121b,"Meat of chickens, fresh or chilled (biological)",2013,USD,4089.4,A,Official figure
508,Mozambique,Producer Price (USD/tonne),21121b,"Meat of chickens, fresh or chilled (biological)",2014,USD,4044.3,A,Official figure
508,Mozambique,Producer Price (USD/tonne),21121b,"Meat of chickens, fresh or chilled (biological)",2015,USD,3312.9,A,Official figure
508,Mozambique,Producer Price (USD/tonne),21121b,"Meat of chickens, fresh or chilled (biological)",2016,USD,2391.0,A,Official figure
508,Mozambique,Producer Price (USD/tonne),21121b,"Meat of chickens, fresh or chilled (biological)",2017,USD,2280.4,A,Official figure
508,Mozambique,Producer Price (USD/tonne),21121b,"Meat of chickens, fresh or chilled (biological)",2018,USD,2353.9,A,Official figure
508,Mozambique,Producer Price (USD/tonne),21121b,"Meat of chickens, fresh or chilled (biological)",2019,USD,2206.3,A,Official figure
508,Mozambique,Producer Price (USD/tonne),21121b,"Meat of chickens, fresh or chilled (biological)",2020,USD,2042.8,A,Official figure
508,Mozambique,Producer Price (USD/tonne),21121b,"Meat of chickens, fresh or chilled (biological)",2021,USD,2749.6,A,Official figure
562,Niger,Producer Price (USD/tonne),0231,"Hen eggs in shell, fresh",2020,USD,3474.7,A,Official figure
562,Niger,Producer Price (USD/tonne),0231,"Hen eggs in shell, fresh",2021,USD,3678.8,A,Official figure
562,Niger,Producer Price (USD/tonne),21121b,"Meat of chickens, fresh or chilled (biological)",2007,USD,2720.1,A,Official figure
562,Niger,Producer Price (USD/tonne),21121b,"Meat of chickens, fresh or chilled (biological)",2008,USD,3520.2,A,Official figure
562,Niger,Producer Price (USD/tonne),21121b,"Meat of chickens, fresh or chilled (biological)",2009,USD,3434.7,A,Official figure
562,Niger,Producer Price (USD/tonne),21121b,"Meat of chickens, fresh or chilled (biological)",2010,USD,3348.0,A,Official figure
562,Niger,Producer Price (USD/tonne),21121b,"Meat of chickens, fresh or chilled (biological)",2011,USD,3957.2,A,Official figure
562,Niger,Producer Price (USD/tonne),21121b,"Meat of chickens, fresh or chilled (biological)",2020,USD,3522.1,A,Official figure
562,Niger,Producer Price (USD/tonne),21121b,"Meat of chickens, fresh or chilled (biological)",2021,USD,3688.6,A,Official figure
566,Nigeria,Producer Price (USD/tonne),0231,"Hen eggs in shell, fresh",2001,USD,1322.8,X,Figure from international organizations
566,Nigeria,Producer Price (USD/tonne),0231,"Hen eggs in shell, fresh",2002,USD,1367.7,X,Figure from international organizations
566,Nigeria,Producer Price (USD/tonne),21121,"Meat of chickens, fresh or chilled",2001,USD,2648.2,A,Official figure
566,Nigeria,Producer Price (USD/tonne),21121,"Meat of chickens, fresh or chilled",2002,USD,3088.5,A,Official figure
566,Nigeria,Producer Price (USD/tonne),21121,"Meat of chickens, fresh or chilled",2003,USD,2102.3,A,Official figure
566,Nigeria,Producer Price (USD/tonne),21121,"Meat of chickens, fresh or chilled",2004,USD,2400.0,A,Official figure
566,Nigeria,Producer Price (USD/tonne),21121,"Meat of chickens, fresh or chilled",2005,USD,2764.3,A,Official figure
566,Nigeria,Producer Price (USD/tonne),21121,"Meat of chickens, fresh or chilled",2006,USD,2777.4,A,Official figure
566,Nigeria,Producer Price (USD/tonne),21121,"Meat of chickens, fresh or chilled",2007,USD,3545.8,A,Official figure
646,Rwanda,Producer Price (USD/tonne),0231,"Hen eggs in shell, fresh",2000,USD,2786.1,X,Figure from international organizations
646,Rwanda,Producer Price (USD/tonne),0231,"Hen eggs in shell, fresh",2001,USD,2386.4,X,Figure from international organizations
646,Rwanda,Producer Price (USD/tonne),0231,"Hen eggs in shell, fresh",2002,USD,2344.1,X,Figure from international organizations
646,Rwanda,Producer Price (USD/tonne),0231,"Hen eggs in shell, fresh",2006,USD,3107.2,A,Official figure
646,Rwanda,Producer Price (USD/tonne),0231,"Hen eggs in shell, fresh",2007,USD,3604.4,A,Official figure
646,Rwanda,Producer Price (USD/tonne),0231,"Hen eggs in shell, fresh",2008,USD,4545.5,A,Official figure
646,Rwanda,Producer Price (USD/tonne),0231,"Hen eggs in shell, fresh",2009,USD,3370.4,A,Official figure
646,Rwanda,Producer Price (USD/tonne),0231,"Hen eggs in shell, fresh",2011,USD,4126.8,A,Official figure
646,Rwanda,Producer Price (USD/tonne),0231,"Hen eggs in shell, fresh",2012,USD,4226.5,A,Official figure
646,Rwanda,Producer Price (USD/tonne),0231,"Hen eggs in shell, fresh",2013,USD,4015.1,A,Official figure
646,Rwanda,Producer Price (USD/tonne),0231,"Hen eggs in shell, fresh",2014,USD,4082.6,A,Official figure
646,Rwanda,Producer Price (USD/tonne),0231,"Hen eggs in shell, fresh",2015,USD,2771.1,A,Official figure
646,Rwanda,Producer Price (USD/tonne),0231,"Hen eggs in shell, fresh",2016,USD,2634.4,A,Official figure
646,Rwanda,Producer Price (USD/tonne),0231,"Hen eggs in shell, fresh",2017,USD,2630.6,A,Official figure
646,Rwanda,Producer Price (USD/tonne),0231,"Hen eggs in shell, fresh",2018,USD,2557.4,A,Official figure
646,Rwanda,Producer Price (USD/tonne),0231,"Hen eggs in shell, fresh",2019,USD,2490.2,A,Official figure
646,Rwanda,Producer Price (USD/tonne),0231,"Hen eggs in shell, fresh",2020,USD,1965.9,A,Official figure
646,Rwanda,Producer Price (USD/tonne),0231,"Hen eggs in shell, fresh",2021,USD,2038.2,A,Official figure
646,Rwanda,Producer Price (USD/tonne),21121,"Meat of chickens, fresh or chilled",2006,USD,1943.0,A,Official figure
646,Rwanda,Producer Price (USD/tonne),21121,"Meat of chickens, fresh or chilled",2007,USD,2181.2,A,Official figure
646,Rwanda,Producer Price (USD/tonne),21121,"Meat of chickens, fresh or chilled",2008,USD,3136.2,A,Official figure
646,Rwanda,Producer Price (USD/tonne),21121,"Meat of chickens, fresh or chilled",2011,USD,5543.7,A,Official figure
646,Rwanda,Producer Price (USD/tonne),21121,"Meat of chickens, fresh or chilled",2012,USD,5809.5,A,Official figure
646,Rwanda,Producer Price (USD/tonne),21121,"Meat of chickens, fresh or chilled",2013,USD,5432.1,A,Official figure
646,Rwanda,Producer Price (USD/tonne),21121,"Meat of chickens, fresh or chilled",2014,USD,5321.4,A,Official figure
646,Rwanda,Producer Price (USD/tonne),21121,"Meat of chickens, fresh or chilled",2015,USD,5733.3,A,Official figure
646,Rwanda,Producer Price (USD/tonne),21121,"Meat of chickens, fresh or chilled",2016,USD,5243.1,A,Official figure
646,Rwanda,Producer Price (USD/tonne),21121,"Meat of chickens, fresh or chilled",2018,USD,2514.4,A,Official figure
646,Rwanda,Producer Price (USD/tonne),21121,"Meat of chickens, fresh or chilled",2019,USD,2509.9,A,Official figure
646,Rwanda,Producer Price (USD/tonne),21121,"Meat of chickens, fresh or chilled",2020,USD,3286.3,A,Official figure
646,Rwanda,Producer Price (USD/tonne),21121,"Meat of chickens, fresh or chilled",2021,USD,3182.2,A,Official figure
646,Rwanda,Producer Price (USD/tonne),21121b,"Meat of chickens, fresh or chilled (biological)",2016,USD,3458.3,A,Official figure
646,Rwanda,Producer Price (USD/tonne),21121b,"Meat of chickens, fresh or chilled (biological)",2017,USD,3342.9,A,Official figure
646,Rwanda,Producer Price (USD/tonne),21121b,"Meat of chickens, fresh or chilled (biological)",2018,USD,3346.6,A,Official figure
646,Rwanda,Producer Price (USD/tonne),21121b,"Meat of chickens, fresh or chilled (biological)",2019,USD,3138.0,A,Official figure
686,Senegal,Producer Price (USD/tonne),0231,"Hen eggs in shell, fresh",2000,USD,74.4,A,Official figure
686,Senegal,Producer Price (USD/tonne),0231,"Hen eggs in shell, fresh",2001,USD,73.7,A,Official figure
686,Senegal,Producer Price (USD/tonne),0231,"Hen eggs in shell, fresh",2002,USD,76.0,A,Official figure
686,Senegal,Producer Price (USD/tonne),0231,"Hen eggs in shell, fresh",2003,USD,96.4,A,Official figure
686,Senegal,Producer Price (USD/tonne),0231,"Hen eggs in shell, fresh",2004,USD,98.4,A,Official figure
686,Senegal,Producer Price (USD/tonne),0231,"Hen eggs in shell, fresh",2005,USD,98.6,A,Official figure
686,Senegal,Producer Price (USD/tonne),0231,"Hen eggs in shell, fresh",2006,USD,103.3,A,Official figure
686,Senegal,Producer Price (USD/tonne),0231,"Hen eggs in shell, fresh",2007,USD,114.8,A,Official figure
686,Senegal,Producer Price (USD/tonne),0231,"Hen eggs in shell, fresh",2008,USD,127.3,A,Official figure
686,Senegal,Producer Price (USD/tonne),0231,"Hen eggs in shell, fresh",2009,USD,112.2,A,Official figure
686,Senegal,Producer Price (USD/tonne),0231,"Hen eggs in shell, fresh",2010,USD,113.1,A,Official figure
686,Senegal,Producer Price (USD/tonne),0231,"Hen eggs in shell, fresh",2011,USD,118.7,A,Official figure
686,Senegal,Producer Price (USD/tonne),0231,"Hen eggs in shell, fresh",2012,USD,109.7,A,Official figure
686,Senegal,Producer Price (USD/tonne),21121b,"Meat of chickens, fresh or chilled (biological)",2000,USD,1253.3,A,Official figure
686,Senegal,Producer Price (USD/tonne),21121b,"Meat of chickens, fresh or chilled (biological)",2001,USD,1307.5,A,Official figure
686,Senegal,Producer Price (USD/tonne),21121b,"Meat of chickens, fresh or chilled (biological)",2002,USD,1417.1,A,Official figure
686,Senegal,Producer Price (USD/tonne),21121b,"Meat of chickens, fresh or chilled (biological)",2003,USD,1757.6,A,Official figure
686,Senegal,Producer Price (USD/tonne),21121b,"Meat of chickens, fresh or chilled (biological)",2004,USD,1936.6,A,Official figure
686,Senegal,Producer Price (USD/tonne),21121b,"Meat of chickens, fresh or chilled (biological)",2005,USD,1992.1,A,Official figure
686,Senegal,Producer Price (USD/tonne),21121b,"Meat of chickens, fresh or chilled (biological)",2006,USD,2022.8,A,Official figure
686,Senegal,Producer Price (USD/tonne),21121b,"Meat of chickens, fresh or chilled (biological)",2007,USD,2327.3,A,Official figure
686,Senegal,Producer Price (USD/tonne),21121b,"Meat of chickens, fresh or chilled (biological)",2008,USD,2532.0,A,Official figure
686,Senegal,Producer Price (USD/tonne),21121b,"Meat of chickens, fresh or chilled (biological)",2009,USD,2520.2,A,Official figure
686,Senegal,Producer Price (USD/tonne),21121b,"Meat of chickens, fresh or chilled (biological)",2010,USD,2391.8,A,Official figure
686,Senegal,Producer Price (USD/tonne),21121b,"Meat of chickens, fresh or chilled (biological)",2011,USD,2572.4,A,Official figure
686,Senegal,Producer Price (USD/tonne),21121b,"Meat of chickens, fresh or chilled (biological)",2017,USD,2773.7,A,Official figure
686,Senegal,Producer Price (USD/tonne),21121b,"Meat of chickens, fresh or chilled (biological)",2018,USD,2875.0,A,Official figure
686,Senegal,Producer Price (USD/tonne),21121b,"Meat of chickens, fresh or chilled (biological)",2019,USD,2725.5,A,Official figure
686,Senegal,Producer Price (USD/tonne),21121b,"Meat of chickens, fresh or chilled (biological)",2020,USD,2621.9,A,Official figure
686,Senegal,Producer Price (USD/tonne),21121b,"Meat of chickens, fresh or chilled (biological)",2021,USD,2940.9,A,Official figure
690,Seychelles,Producer Price (USD/tonne),0231,"Hen eggs in shell, fresh",2013,USD,5293.4,A,Official figure
690,Seychelles,Producer Price (USD/tonne),0231,"Hen eggs in shell, fresh",2014,USD,5842.0,A,Official figure
690,Seychelles,Producer Price (USD/tonne),21121b,"Meat of chickens, fresh or chilled (biological)",2008,USD,2823.2,A,Official figure
690,Seychelles,Producer Price (USD/tonne),21121b,"Meat of chickens, fresh or chilled (biological)",2009,USD,3704.6,A,Official figure
694,Sierra Leone,Producer Price (USD/tonne),0231,"Hen eggs in shell, fresh",2011,USD,4269.3,A,Official figure
694,Sierra Leone,Producer Price (USD/tonne),0231,"Hen eggs in shell, fresh",2012,USD,5310.6,A,Official figure
694,Sierra Leone,Producer Price (USD/tonne),0231,"Hen eggs in shell, fresh",2013,USD,4743.8,A,Official figure
694,Sierra Leone,Producer Price (USD/tonne),0231,"Hen eggs in shell, fresh",2014,USD,4637.6,A,Official figure
694,Sierra Leone,Producer Price (USD/tonne),0231,"Hen eggs in shell, fresh",2015,USD,4129.5,A,Official figure
694,Sierra Leone,Producer Price (USD/tonne),21121b,"Meat of chickens, fresh or chilled (biological)",2011,USD,4450.3,A,Official figure
694,Sierra Leone,Producer Price (USD/tonne),21121b,"Meat of chickens, fresh or chilled (biological)",2012,USD,4987.7,A,Official figure
694,Sierra Leone,Producer Price (USD/tonne),21121b,"Meat of chickens, fresh or chilled (biological)",2013,USD,5348.0,A,Official figure
694,Sierra Leone,Producer Price (USD/tonne),21121b,"Meat of chickens, fresh or chilled (biological)",2014,USD,5352.6,A,Official figure
694,Sierra Leone,Producer Price (USD/tonne),21121b,"Meat of chickens, fresh or chilled (biological)",2015,USD,4601.6,A,Official figure
710,South Africa,Producer Price (USD/tonne),0231,"Hen eggs in shell, fresh",2000,USD,805.9,A,Official figure
710,South Africa,Producer Price (USD/tonne),0231,"Hen eggs in shell, fresh",2001,USD,721.9,A,Official figure
710,South Africa,Producer Price (USD/tonne),0231,"Hen eggs in shell, fresh",2002,USD,712.2,A,Official figure
710,South Africa,Producer Price (USD/tonne),0231,"Hen eggs in shell, fresh",2003,USD,1054.4,A,Official figure
710,South Africa,Producer Price (USD/tonne),0231,"Hen eggs in shell, fresh",2004,USD,1380.1,A,Official figure
710,South Africa,Producer Price (USD/tonne),0231,"Hen eggs in shell, fresh",2005,USD,1439.0,A,Official figure
710,South Africa,Producer Price (USD/tonne),0231,"Hen eggs in shell, fresh",2006,USD,1467.5,A,Official figure
710,South Africa,Producer Price (USD/tonne),0231,"Hen eggs in shell, fresh",2007,USD,1582.2,A,Official figure
710,South Africa,Producer Price (USD/tonne),0231,"Hen eggs in shell, fresh",2008,USD,1476.7,A,Official figure
710,South Africa,Producer Price (USD/tonne),0231,"Hen eggs in shell, fresh",2009,USD,1673.7,A,Official figure
710,South Africa,Producer Price (USD/tonne),0231,"Hen eggs in shell, fresh",2010,USD,1855.2,A,Official figure
710,South Africa,Producer Price (USD/tonne),0231,"Hen eggs in shell, fresh",2011,USD,1874.2,A,Official figure
710,South Africa,Producer Price (USD/tonne),0231,"Hen eggs in shell, fresh",2012,USD,1649.5,A,Official figure
710,South Africa,Producer Price (USD/tonne),0231,"Hen eggs in shell, fresh",2013,USD,1531.5,A,Official figure
710,South Africa,Producer Price (USD/tonne),0231,"Hen eggs in shell, fresh",2014,USD,1481.4,A,Official figure
710,South Africa,Producer Price (USD/tonne),0231,"Hen eggs in shell, fresh",2015,USD,1348.2,A,Official figure
710,South Africa,Producer Price (USD/tonne),0231,"Hen eggs in shell, fresh",2016,USD,1206.8,A,Official figure
710,South Africa,Producer Price (USD/tonne),0231,"Hen eggs in shell, fresh",2017,USD,1503.2,A,Official figure
710,South Africa,Producer Price (USD/tonne),0231,"Hen eggs in shell, fresh",2018,USD,1666.9,A,Official figure
710,South Africa,Producer Price (USD/tonne),0231,"Hen eggs in shell, fresh",2019,USD,821.6,A,Official figure
710,South Africa,Producer Price (USD/tonne),0231,"Hen eggs in shell, fresh",2020,USD,703.7,A,Official figure
710,South Africa,Producer Price (USD/tonne),0231,"Hen eggs in shell, fresh",2021,USD,839.9,A,Official figure
710,South Africa,Producer Price (USD/tonne),21121,"Meat of chickens, fresh or chilled",2000,USD,1194.1,A,Official figure
710,South Africa,Producer Price (USD/tonne),21121,"Meat of chickens, fresh or chilled",2001,USD,1094.3,A,Official figure
710,South Africa,Producer Price (USD/tonne),21121,"Meat of chickens, fresh or chilled",2002,USD,1052.5,A,Official figure
710,South Africa,Producer Price (USD/tonne),21121,"Meat of chickens, fresh or chilled",2003,USD,1507.3,A,Official figure
710,South Africa,Producer Price (USD/tonne),21121,"Meat of chickens, fresh or chilled",2004,USD,1766.3,A,Official figure
710,South Africa,Producer Price (USD/tonne),21121,"Meat of chickens, fresh or chilled",2005,USD,1789.7,A,Official figure
710,South Africa,Producer Price (USD/tonne),21121,"Meat of chickens, fresh or chilled",2006,USD,1798.7,A,Official figure
710,South Africa,Producer Price (USD/tonne),21121,"Meat of chickens, fresh or chilled",2007,USD,1957.5,A,Official figure
710,South Africa,Producer Price (USD/tonne),21121,"Meat of chickens, fresh or chilled",2008,USD,1810.4,A,Official figure
710,South Africa,Producer Price (USD/tonne),21121,"Meat of chickens, fresh or chilled",2009,USD,1996.4,A,Official figure
710,South Africa,Producer Price (USD/tonne),21121,"Meat of chickens, fresh or chilled",2010,USD,2262.6,A,Official figure
710,South Africa,Producer Price (USD/tonne),21121,"Meat of chickens, fresh or chilled",2011,USD,2370.2,A,Official figure
710,South Africa,Producer Price (USD/tonne),21121,"Meat of chickens, fresh or chilled",2012,USD,2414.1,A,Official figure
710,South Africa,Producer Price (USD/tonne),21121,"Meat of chickens, fresh or chilled",2013,USD,2166.9,A,Official figure
710,South Africa,Producer Price (USD/tonne),21121,"Meat of chickens, fresh or chilled",2014,USD,1856.3,A,Official figure
710,South Africa,Producer Price (USD/tonne),21121,"Meat of chickens, fresh or chilled",2015,USD,1713.4,A,Official figure
710,South Africa,Producer Price (USD/tonne),21121,"Meat of chickens, fresh or chilled",2016,USD,1505.6,A,Official figure
710,South Africa,Producer Price (USD/tonne),21121,"Meat of chickens, fresh or chilled",2017,USD,2015.1,A,Official figure
710,South Africa,Producer Price (USD/tonne),21121,"Meat of chickens, fresh or chilled",2018,USD,2081.7,A,Official figure
710,South Africa,Producer Price (USD/tonne),21121,"Meat of chickens, fresh or chilled",2019,USD,1794.0,A,Official figure
710,South Africa,Producer Price (USD/tonne),21121,"Meat of chickens, fresh or chilled",2020,USD,1612.7,A,Official figure
710,South Africa,Producer Price (USD/tonne),21121,"Meat of chickens, fresh or chilled",2021,USD,1791.2,A,Official figure
736,Sudan (former),Producer Price (USD/tonne),0231,"Hen eggs in shell, fresh",2002,USD,1329.2,A,Official figure
736,Sudan (former),Producer Price (USD/tonne),0231,"Hen eggs in shell, fresh",2006,USD,1279.2,A,Official figure
736,Sudan (former),Producer Price (USD/tonne),0231,"Hen eggs in shell, fresh",2007,USD,1653.4,A,Official figure
736,Sudan (former),Producer Price (USD/tonne),0231,"Hen eggs in shell, fresh",2008,USD,2126.3,A,Official figure
736,Sudan (former),Producer Price (USD/tonne),0231,"Hen eggs in shell, fresh",2009,USD,2413.9,A,Official figure
736,Sudan (former),Producer Price (USD/tonne),0231,"Hen eggs in shell, fresh",2010,USD,2891.0,A,Official figure
736,Sudan (former),Producer Price (USD/tonne),21121,"Meat of chickens, fresh or chilled",2000,USD,777.8,A,Official figure
736,Sudan (former),Producer Price (USD/tonne),21121,"Meat of chickens, fresh or chilled",2001,USD,1159.6,A,Official figure
736,Sudan (former),Producer Price (USD/tonne),21121,"Meat of chickens, fresh or chilled",2002,USD,1139.3,A,Official figure
768,Togo,Producer Price (USD/tonne),0231,"Hen eggs in shell, fresh",2001,USD,2728.4,A,Official figure
768,Togo,Producer Price (USD/tonne),0231,"Hen eggs in shell, fresh",2002,USD,2869.5,A,Official figure
768,Togo,Producer Price (USD/tonne),21121,"Meat of chickens, fresh or chilled",2001,USD,1909.9,A,Official figure
768,Togo,Producer Price (USD/tonne),21121,"Meat of chickens, fresh or chilled",2002,USD,2080.4,A,Official figure
768,Togo,Producer Price (USD/tonne),21121,"Meat of chickens, fresh or chilled",2017,USD,2583.3,A,Official figure
768,Togo,Producer Price (USD/tonne),21121b,"Meat of chickens, fresh or chilled (biological)",2000,USD,1791.1,X,Figure from international organizations
768,Togo,Producer Price (USD/tonne),21121b,"Meat of chickens, fresh or chilled (biological)",2001,USD,1773.4,A,Official figure
768,Togo,Producer Price (USD/tonne),21121b,"Meat of chickens, fresh or chilled (biological)",2002,USD,1936.9,A,Official figure
768,Togo,Producer Price (USD/tonne),21121b,"Meat of chickens, fresh or chilled (biological)",2017,USD,2690.9,A,Official figure
788,Tunisia,Producer Price (USD/tonne),0231,"Hen eggs in shell, fresh",2000,USD,968.1,X,Figure from international organizations
788,Tunisia,Producer Price (USD/tonne),0231,"Hen eggs in shell, fresh",2001,USD,948.8,X,Figure from international organizations
788,Tunisia,Producer Price (USD/tonne),0231,"Hen eggs in shell, fresh",2002,USD,920.0,X,Figure from international organizations
788,Tunisia,Producer Price (USD/tonne),0231,"Hen eggs in shell, fresh",2009,USD,1559.5,A,Official figure
788,Tunisia,Producer Price (USD/tonne),0231,"Hen eggs in shell, fresh",2010,USD,1300.5,A,Official figure
788,Tunisia,Producer Price (USD/tonne),0231,"Hen eggs in shell, fresh",2011,USD,1557.3,A,Official figure
788,Tunisia,Producer Price (USD/tonne),0231,"Hen eggs in shell, fresh",2012,USD,1736.1,A,Official figure
788,Tunisia,Producer Price (USD/tonne),0231,"Hen eggs in shell, fresh",2013,USD,1672.3,A,Official figure
788,Tunisia,Producer Price (USD/tonne),0231,"Hen eggs in shell, fresh",2014,USD,1667.1,A,Official figure
788,Tunisia,Producer Price (USD/tonne),0231,"Hen eggs in shell, fresh",2015,USD,1490.9,A,Official figure
788,Tunisia,Producer Price (USD/tonne),0231,"Hen eggs in shell, fresh",2016,USD,1411.7,A,Official figure
788,Tunisia,Producer Price (USD/tonne),0231,"Hen eggs in shell, fresh",2019,USD,1164.9,A,Official figure
788,Tunisia,Producer Price (USD/tonne),0231,"Hen eggs in shell, fresh",2020,USD,1176.6,A,Official figure
788,Tunisia,Producer Price (USD/tonne),0231,"Hen eggs in shell, fresh",2021,USD,1288.3,A,Official figure
788,Tunisia,Producer Price (USD/tonne),21121b,"Meat of chickens, fresh or chilled (biological)",2000,USD,1102.4,A,Official figure
788,Tunisia,Producer Price (USD/tonne),21121b,"Meat of chickens, fresh or chilled (biological)",2001,USD,1073.2,A,Official figure
788,Tunisia,Producer Price (USD/tonne),21121b,"Meat of chickens, fresh or chilled (biological)",2002,USD,1062.8,A,Official figure
788,Tunisia,Producer Price (USD/tonne),21121b,"Meat of chickens, fresh or chilled (biological)",2003,USD,1265.1,A,Official figure
788,Tunisia,Producer Price (USD/tonne),21121b,"Meat of chickens, fresh or chilled (biological)",2004,USD,1226.0,A,Official figure
788,Tunisia,Producer Price (USD/tonne),21121b,"Meat of chickens, fresh or chilled (biological)",2005,USD,1250.9,A,Official figure
788,Tunisia,Producer Price (USD/tonne),21121b,"Meat of chickens, fresh or chilled (biological)",2006,USD,1266.7,A,Official figure
788,Tunisia,Producer Price (USD/tonne),21121b,"Meat of chickens, fresh or chilled (biological)",2007,USD,1530.4,A,Official figure
788,Tunisia,Producer Price (USD/tonne),21121b,"Meat of chickens, fresh or chilled (biological)",2008,USD,1464.1,A,Official figure
788,Tunisia,Producer Price (USD/tonne),21121b,"Meat of chickens, fresh or chilled (biological)",2009,USD,1629.3,A,Official figure
788,Tunisia,Producer Price (USD/tonne),21121b,"Meat of chickens, fresh or chilled (biological)",2010,USD,1513.2,A,Official figure
788,Tunisia,Producer Price (USD/tonne),21121b,"Meat of chickens, fresh or chilled (biological)",2011,USD,1712.6,A,Official figure
788,Tunisia,Producer Price (USD/tonne),21121b,"Meat of chickens, fresh or chilled (biological)",2012,USD,1746.6,A,Official figure
788,Tunisia,Producer Price (USD/tonne),21121b,"Meat of chickens, fresh or chilled (biological)",2013,USD,2031.2,A,Official figure
788,Tunisia,Producer Price (USD/tonne),21121b,"Meat of chickens, fresh or chilled (biological)",2014,USD,1596.3,A,Official figure
788,Tunisia,Producer Price (USD/tonne),21121b,"Meat of chickens, fresh or chilled (biological)",2015,USD,1809.7,A,Official figure
788,Tunisia,Producer Price (USD/tonne),21121b,"Meat of chickens, fresh or chilled (biological)",2016,USD,1702.3,A,Official figure
788,Tunisia,Producer Price (USD/tonne),21121b,"Meat of chickens, fresh or chilled (biological)",2018,USD,1306.8,A,Official figure
788,Tunisia,Producer Price (USD/tonne),21121b,"Meat of chickens, fresh or chilled (biological)",2019,USD,1186.6,A,Official figure
788,Tunisia,Producer Price (USD/tonne),21121b,"Meat of chickens, fresh or chilled (biological)",2020,USD,1168.8,A,Official figure
788,Tunisia,Producer Price (USD/tonne),21121b,"Meat of chickens, fresh or chilled (biological)",2021,USD,1364.5,A,Official figure
894,Zambia,Producer Price (USD/tonne),0231,"Hen eggs in shell, fresh",2014,USD,3720.5,A,Official figure
894,Zambia,Producer Price (USD/tonne),0231,"Hen eggs in shell, fresh",2015,USD,2019.7,A,Official figure
894,Zambia,Producer Price (USD/tonne),0231,"Hen eggs in shell, fresh",2018,USD,2041.3,A,Official figure
894,Zambia,Producer Price (USD/tonne),0231,"Hen eggs in shell, fresh",2019,USD,2924.9,A,Official figure
894,Zambia,Producer Price (USD/tonne),0231,"Hen eggs in shell, fresh",2020,USD,2316.8,A,Official figure
894,Zambia,Producer Price (USD/tonne),0231,"Hen eggs in shell, fresh",2021,USD,2961.3,A,Official figure
894,Zambia,Producer Price (USD/tonne),21121,"Meat of chickens, fresh or chilled",2010,USD,3534.6,A,Official figure
894,Zambia,Producer Price (USD/tonne),21121,"Meat of chickens, fresh or chilled",2011,USD,3147.3,A,Official figure
894,Zambia,Producer Price (USD/tonne),21121,"Meat of chickens, fresh or chilled",2012,USD,3466.3,A,Official figure
894,Zambia,Producer Price (USD/tonne),21121,"Meat of chickens, fresh or chilled",2013,USD,3471.1,A,Official figure
894,Zambia,Producer Price (USD/tonne),21121,"Meat of chickens, fresh or chilled",2014,USD,3219.8,A,Official figure
894,Zambia,Producer Price (USD/tonne),21121,"Meat of chickens, fresh or chilled",2015,USD,2050.2,A,Official figure
894,Zambia,Producer Price (USD/tonne),21121,"Meat of chickens, fresh or chilled",2018,USD,2595.7,A,Official figure
716,Zimbabwe,Producer Price (USD/tonne),21121b,"Meat of chickens, fresh or chilled (biological)",2014,USD,4333.3,A,Official figure
716,Zimbabwe,Producer Price (USD/tonne),21121b,"Meat of chickens, fresh or chilled (biological)",2015,USD,4000.0,A,Official figure
716,Zimbabwe,Producer Price (USD/tonne),21121b,"Meat of chickens, fresh or chilled (biological)",2016,USD,4000.0,A,Official figure
716,Zimbabwe,Producer Price (USD/tonne),21121b,"Meat of chickens, fresh or chilled (biological)",2017,USD,4000.0,A,Official figure
716,Zimbabwe,Producer Price (USD/tonne),21121b,"Meat of chickens, fresh or chilled (biological)",2018,USD,4666.7,A,Official figure
